create database if not exists Student;

create schema if not exists universe;

create table if not exists student (
                         id int auto_increment not null unique primary key,
                         full_name varchar(255),
                         group_number int,
                         year int,
                         foreign key (group_number) references student_group (id),
                         deleted bool default false
);

insert into student (full_name, group_number, year) values ('Paxton Maberley', 7, 3);
insert into student (full_name, group_number, year) values ('Ginni Gilsthorpe', 2, 3);
insert into student (full_name, group_number, year) values ('Joaquin Dunbabin', 7, 1);
insert into student (full_name, group_number, year) values ('Dorothy Matus', 4, 2);
insert into student (full_name, group_number, year) values ('Tamara Woollends', 7, 1);
insert into student (full_name, group_number, year) values ('Amby Duckerin', 11, 4);
insert into student (full_name, group_number, year) values ('Daphne Pallin', 4, 2);
insert into student (full_name, group_number, year) values ('Catherine Dalston', 10, 3);
insert into student (full_name, group_number, year) values ('Marianna Houndson', 11, 1);
insert into student (full_name, group_number, year) values ('Haven Dingley', 11, 2);
insert into student (full_name, group_number, year) values ('Yanaton Albutt', 1, 4);
insert into student (full_name, group_number, year) values ('Gordy Antognozzii', 9, 2);
insert into student (full_name, group_number, year) values ('Gunar Hodge', 9, 3);
insert into student (full_name, group_number, year) values ('Filide McGloin', 5, 3);
insert into student (full_name, group_number, year) values ('Livy Frohock', 8, 2);
insert into student (full_name, group_number, year) values ('Loren Shakesby', 5, 4);
insert into student (full_name, group_number, year) values ('Darrell Earney', 1, 3);
insert into student (full_name, group_number, year) values ('Philomena Wadworth', 8, 2);
insert into student (full_name, group_number, year) values ('Maribel Kalinke', 4, 5);
insert into student (full_name, group_number, year) values ('Raimund Spat', 13, 5);
insert into student (full_name, group_number, year) values ('Sella Haton', 12, 5);
insert into student (full_name, group_number, year) values ('Torre Mercey', 4, 2);
insert into student (full_name, group_number, year) values ('Agnella Boreland', 1, 3);
insert into student (full_name, group_number, year) values ('Elvis Renzo', 12, 3);
insert into student (full_name, group_number, year) values ('Pearline Semeniuk', 6, 1);
insert into student (full_name, group_number, year) values ('Frants Bugge', 1, 3);
insert into student (full_name, group_number, year) values ('Mickey Marshalleck', 3, 5);
insert into student (full_name, group_number, year) values ('Chas Michell', 6, 2);
insert into student (full_name, group_number, year) values ('Reinhold Ingamells', 8, 1);
insert into student (full_name, group_number, year) values ('Hanny Ostler', 11, 5);
insert into student (full_name, group_number, year) values ('Lara Kencott', 8, 5);
insert into student (full_name, group_number, year) values ('Tildie Tandey', 2, 3);
insert into student (full_name, group_number, year) values ('Maegan Tunsley', 1, 2);
insert into student (full_name, group_number, year) values ('Glendon Dallon', 1, 2);
insert into student (full_name, group_number, year) values ('Clarita Pollen', 7, 1);
insert into student (full_name, group_number, year) values ('Tudor Thring', 1, 1);
insert into student (full_name, group_number, year) values ('Raf Melody', 11, 4);
insert into student (full_name, group_number, year) values ('Dex Ruddlesden', 1, 3);
insert into student (full_name, group_number, year) values ('Kerwinn Benedicte', 1, 5);
insert into student (full_name, group_number, year) values ('Rosalinde De Dei', 1, 1);
insert into student (full_name, group_number, year) values ('Juliana Goult', 2, 4);
insert into student (full_name, group_number, year) values ('Pascal Latliff', 8, 2);
insert into student (full_name, group_number, year) values ('Romonda Batisse', 8, 3);
insert into student (full_name, group_number, year) values ('Tracey Faragan', 9, 1);
insert into student (full_name, group_number, year) values ('Hermia Koppelmann', 7, 2);
insert into student (full_name, group_number, year) values ('Fee Gwatkin', 13, 4);
insert into student (full_name, group_number, year) values ('Nicolais Imlaw', 8, 1);
insert into student (full_name, group_number, year) values ('Pearce Simenel', 13, 5);
insert into student (full_name, group_number, year) values ('Adore Mertsching', 11, 1);
insert into student (full_name, group_number, year) values ('Storm Klimaszewski', 10, 4);
insert into student (full_name, group_number, year) values ('Ailbert Liffe', 2, 3);
insert into student (full_name, group_number, year) values ('Jesse McCadden', 14, 5);
insert into student (full_name, group_number, year) values ('Anderson Schafer', 1, 1);
insert into student (full_name, group_number, year) values ('Georgeta Roseaman', 14, 3);
insert into student (full_name, group_number, year) values ('Blithe Nissle', 12, 2);
insert into student (full_name, group_number, year) values ('Jock Jasiak', 4, 3);
insert into student (full_name, group_number, year) values ('Allyn Stanett', 2, 3);
insert into student (full_name, group_number, year) values ('Rose Denyukhin', 1, 3);
insert into student (full_name, group_number, year) values ('Kellyann McGuiness', 11, 1);
insert into student (full_name, group_number, year) values ('Fabiano MacParland', 7, 1);
insert into student (full_name, group_number, year) values ('June Schirok', 5, 1);
insert into student (full_name, group_number, year) values ('Franchot Eastway', 4, 1);
insert into student (full_name, group_number, year) values ('Stephanie Dray', 9, 5);
insert into student (full_name, group_number, year) values ('Yorgo Bundock', 8, 5);
insert into student (full_name, group_number, year) values ('Albina Gradon', 3, 3);
insert into student (full_name, group_number, year) values ('Gibb Smout', 9, 3);
insert into student (full_name, group_number, year) values ('Bren Iczokvitz', 2, 5);
insert into student (full_name, group_number, year) values ('Warde Vanyushkin', 10, 2);
insert into student (full_name, group_number, year) values ('Ezekiel Cheake', 8, 1);
insert into student (full_name, group_number, year) values ('Stefan Kristoffersson', 14, 4);
insert into student (full_name, group_number, year) values ('Frank Cupitt', 13, 5);
insert into student (full_name, group_number, year) values ('Marcela Wegener', 3, 5);
insert into student (full_name, group_number, year) values ('Thorin Shearman', 14, 4);
insert into student (full_name, group_number, year) values ('Hazlett Frammingham', 11, 1);
insert into student (full_name, group_number, year) values ('Traci Askew', 11, 3);
insert into student (full_name, group_number, year) values ('Dave Beake', 14, 1);
insert into student (full_name, group_number, year) values ('Scott Bjerkan', 5, 4);
insert into student (full_name, group_number, year) values ('Morganne Klimshuk', 10, 1);
insert into student (full_name, group_number, year) values ('Verene Gammill', 10, 1);
insert into student (full_name, group_number, year) values ('Donny Glennie', 9, 2);
insert into student (full_name, group_number, year) values ('Egan Baitey', 1, 1);
insert into student (full_name, group_number, year) values ('Marybelle Valenta', 11, 3);
insert into student (full_name, group_number, year) values ('Margaux Arundell', 10, 2);
insert into student (full_name, group_number, year) values ('Carson Corstorphine', 10, 5);
insert into student (full_name, group_number, year) values ('Cammie Ferrers', 6, 1);
insert into student (full_name, group_number, year) values ('Carlynn Dow', 14, 2);
insert into student (full_name, group_number, year) values ('Helsa Gillebert', 2, 2);
insert into student (full_name, group_number, year) values ('Tracy Cottingham', 3, 4);
insert into student (full_name, group_number, year) values ('Ettie Tompkin', 1, 3);
insert into student (full_name, group_number, year) values ('Osborne Meron', 11, 5);
insert into student (full_name, group_number, year) values ('Avictor Lakenden', 1, 3);
insert into student (full_name, group_number, year) values ('Tani Morriarty', 7, 4);
insert into student (full_name, group_number, year) values ('Ophelie Skingle', 13, 1);
insert into student (full_name, group_number, year) values ('Jens Pickthall', 5, 5);
insert into student (full_name, group_number, year) values ('Emelda Byron', 5, 1);
insert into student (full_name, group_number, year) values ('Monika Melia', 3, 4);
insert into student (full_name, group_number, year) values ('Brenden Munn', 2, 4);
insert into student (full_name, group_number, year) values ('Brett De Roos', 12, 5);
insert into student (full_name, group_number, year) values ('Tamqrah Oven', 4, 4);
insert into student (full_name, group_number, year) values ('Josie McTeer', 4, 3);
insert into student (full_name, group_number, year) values ('Kev Cornau', 7, 2);
insert into student (full_name, group_number, year) values ('Ayn Sumsion', 8, 3);
insert into student (full_name, group_number, year) values ('Desmond Chad', 7, 2);
insert into student (full_name, group_number, year) values ('Doroteya Bigglestone', 7, 2);
insert into student (full_name, group_number, year) values ('Dorthea Morecomb', 10, 4);
insert into student (full_name, group_number, year) values ('Olivier Spencook', 3, 1);
insert into student (full_name, group_number, year) values ('Yasmeen Casterou', 7, 2);
insert into student (full_name, group_number, year) values ('Faith Temblett', 10, 4);
insert into student (full_name, group_number, year) values ('Berty Nutkin', 4, 5);
insert into student (full_name, group_number, year) values ('Kariotta Faireclough', 12, 2);
insert into student (full_name, group_number, year) values ('Issiah Praten', 9, 2);
insert into student (full_name, group_number, year) values ('Crissy Padillo', 7, 1);
insert into student (full_name, group_number, year) values ('Devin Cicero', 2, 4);
insert into student (full_name, group_number, year) values ('Adorne Malter', 11, 1);
insert into student (full_name, group_number, year) values ('Pauline Ardern', 10, 5);
insert into student (full_name, group_number, year) values ('Justino Kinglake', 2, 3);
insert into student (full_name, group_number, year) values ('Rosalyn Yitzovicz', 14, 4);
insert into student (full_name, group_number, year) values ('Joshuah Arthurs', 5, 1);
insert into student (full_name, group_number, year) values ('Germain Prinne', 10, 1);
insert into student (full_name, group_number, year) values ('Dal Itzcovich', 7, 3);
insert into student (full_name, group_number, year) values ('Desmund Hendrik', 4, 3);
insert into student (full_name, group_number, year) values ('Austine Askaw', 7, 3);
insert into student (full_name, group_number, year) values ('Hewie Wettern', 7, 1);
insert into student (full_name, group_number, year) values ('Mavis Corn', 1, 1);
insert into student (full_name, group_number, year) values ('Etty Stivani', 2, 4);
insert into student (full_name, group_number, year) values ('Theda Tuerena', 13, 4);
insert into student (full_name, group_number, year) values ('Mariel McInally', 4, 2);
insert into student (full_name, group_number, year) values ('Morley Couvert', 10, 5);
insert into student (full_name, group_number, year) values ('Amalle McKirdy', 4, 1);
insert into student (full_name, group_number, year) values ('Winthrop Ginman', 8, 5);
insert into student (full_name, group_number, year) values ('Trude Hawlgarth', 6, 2);
insert into student (full_name, group_number, year) values ('Mamie Mote', 6, 3);
insert into student (full_name, group_number, year) values ('Vanya McIlmorow', 5, 3);
insert into student (full_name, group_number, year) values ('Wilek Haysey', 14, 4);
insert into student (full_name, group_number, year) values ('Kirbee Adame', 5, 3);
insert into student (full_name, group_number, year) values ('Babita Jerred', 14, 3);
insert into student (full_name, group_number, year) values ('Moritz Arpur', 10, 3);
insert into student (full_name, group_number, year) values ('Gwynne Peddowe', 12, 4);
insert into student (full_name, group_number, year) values ('Marlow Adanez', 8, 1);
insert into student (full_name, group_number, year) values ('Eve Frere', 2, 3);
insert into student (full_name, group_number, year) values ('Murry Benedek', 3, 2);
insert into student (full_name, group_number, year) values ('Pincus Murison', 4, 4);
insert into student (full_name, group_number, year) values ('Brett Rosenau', 11, 1);
insert into student (full_name, group_number, year) values ('Erastus Markie', 14, 1);
insert into student (full_name, group_number, year) values ('Eileen Harlick', 9, 2);
insert into student (full_name, group_number, year) values ('Kristien Dulake', 10, 2);
insert into student (full_name, group_number, year) values ('Gael Barrack', 14, 2);
insert into student (full_name, group_number, year) values ('Tandy McKane', 4, 4);
insert into student (full_name, group_number, year) values ('Clareta Yanyushkin', 1, 4);
insert into student (full_name, group_number, year) values ('Bernadine Gammel', 2, 3);
insert into student (full_name, group_number, year) values ('Paulie Rodders', 9, 5);
insert into student (full_name, group_number, year) values ('Odelinda Greveson', 8, 2);
insert into student (full_name, group_number, year) values ('Hasty Lepoidevin', 11, 2);
insert into student (full_name, group_number, year) values ('Corbet Turtle', 7, 4);
insert into student (full_name, group_number, year) values ('Arabelle Deaton', 1, 1);
insert into student (full_name, group_number, year) values ('Inna Toffalo', 12, 1);
insert into student (full_name, group_number, year) values ('Zackariah Pettigrew', 10, 3);
insert into student (full_name, group_number, year) values ('Bonni Scogings', 6, 2);
insert into student (full_name, group_number, year) values ('Sheri Poon', 13, 3);
insert into student (full_name, group_number, year) values ('Yoshi Godspeede', 10, 2);
insert into student (full_name, group_number, year) values ('Clim Lethcoe', 8, 4);
insert into student (full_name, group_number, year) values ('Pauli Ben', 6, 4);
insert into student (full_name, group_number, year) values ('Sky Pilgrim', 9, 2);
insert into student (full_name, group_number, year) values ('Ame Vescovini', 12, 1);
insert into student (full_name, group_number, year) values ('Sydney Illesley', 1, 4);
insert into student (full_name, group_number, year) values ('Fremont Gerty', 3, 1);
insert into student (full_name, group_number, year) values ('Leonidas McPhee', 11, 1);
insert into student (full_name, group_number, year) values ('Kippar De Miranda', 4, 5);
insert into student (full_name, group_number, year) values ('Rawley Van der Son', 13, 3);
insert into student (full_name, group_number, year) values ('Danika Grigoletti', 6, 4);
insert into student (full_name, group_number, year) values ('Sena Exton', 4, 2);
insert into student (full_name, group_number, year) values ('Othilie Rabley', 13, 1);
insert into student (full_name, group_number, year) values ('Dunc Riteley', 5, 3);
insert into student (full_name, group_number, year) values ('Cyrille Bullent', 3, 2);
insert into student (full_name, group_number, year) values ('Elsi Baccup', 9, 2);
insert into student (full_name, group_number, year) values ('Renato Chislett', 6, 2);
insert into student (full_name, group_number, year) values ('Roma Filer', 10, 1);
insert into student (full_name, group_number, year) values ('Shay Dimmer', 4, 1);
insert into student (full_name, group_number, year) values ('Sonnnie Burkin', 9, 1);
insert into student (full_name, group_number, year) values ('Sophi Baldassi', 4, 3);
insert into student (full_name, group_number, year) values ('Ulla Coie', 14, 2);
insert into student (full_name, group_number, year) values ('Karine Isenor', 3, 1);
insert into student (full_name, group_number, year) values ('Nichole Bigland', 10, 2);
insert into student (full_name, group_number, year) values ('Brnaby Girvin', 10, 1);
insert into student (full_name, group_number, year) values ('Damon Danieli', 3, 2);
insert into student (full_name, group_number, year) values ('Kerianne Padson', 4, 3);
insert into student (full_name, group_number, year) values ('Shamus Carp', 13, 5);
insert into student (full_name, group_number, year) values ('Pavlov Longdon', 10, 5);
insert into student (full_name, group_number, year) values ('Aguste Leversuch', 1, 4);
insert into student (full_name, group_number, year) values ('Jen Gertz', 14, 3);
insert into student (full_name, group_number, year) values ('Odelinda Koubek', 4, 1);
insert into student (full_name, group_number, year) values ('Davey Blaksland', 13, 5);
insert into student (full_name, group_number, year) values ('Frieda Adnams', 7, 5);
insert into student (full_name, group_number, year) values ('Everett Hurdedge', 3, 4);
insert into student (full_name, group_number, year) values ('Michale Colbertson', 10, 4);
insert into student (full_name, group_number, year) values ('Caldwell Skerritt', 6, 2);
insert into student (full_name, group_number, year) values ('Ken Vamplew', 7, 5);
insert into student (full_name, group_number, year) values ('Bernardo Feuell', 3, 3);
insert into student (full_name, group_number, year) values ('Elna Nannetti', 2, 3);
insert into student (full_name, group_number, year) values ('Chrysler Payley', 3, 1);




create table if not exists student_group (
                         id int auto_increment not null unique primary key,
                         number int
);

insert into student_group (number) values (1);
insert into student_group (number) values (2);
insert into student_group (number) values (3);
insert into student_group (number) values (4);
insert into student_group (number) values (5);
insert into student_group (number) values (6);
insert into student_group (number) values (7);
insert into student_group (number) values (8);
insert into student_group (number) values (9);
insert into student_group (number) values (10);
insert into student_group (number) values (11);
insert into student_group (number) values (12);
insert into student_group (number) values (13);
insert into student_group (number) values (14);
insert into student_group (number) values (15);


create table if not exists cathedra (
                                        id int auto_increment not null unique primary key,
                                        name varchar(255),
                                        manager varchar(255)
);

insert into cathedra (name, manager) values ('mfo', 'Pincas Welds');
insert into cathedra (name, manager) values ('sto', 'Merridie Cantera');
insert into cathedra (name, manager) values ('ols', 'Ignacius Bonds');
insert into cathedra (name, manager) values ('dfi', 'Morna Bernardoni');
insert into cathedra (name, manager) values ('opi', 'Trula McConnel');
insert into cathedra (name, manager) values ('bli', 'Daniel McGow');

create table if not exists teacher (
                                       id int auto_increment not null unique primary key,
                                       full_name varchar(255),
                                       cathedra int,
                                       FOREIGN KEY (cathedra) references cathedra (id)
);

insert into teacher (full_name, cathedra) values ('Vivianne Bendig', 6);
insert into teacher (full_name, cathedra) values ('Rowena MacPike', 5);
insert into teacher (full_name, cathedra) values ('Germayne Charrington', 4);
insert into teacher (full_name, cathedra) values ('Matthew Soldner', 2);
insert into teacher (full_name, cathedra) values ('Mirabel Presswell', 2);
insert into teacher (full_name, cathedra) values ('Evan Astlatt', 6);
insert into teacher (full_name, cathedra) values ('Tallou Crookshanks', 3);
insert into teacher (full_name, cathedra) values ('Sada Trudgeon', 2);
insert into teacher (full_name, cathedra) values ('Cairistiona Maes', 4);
insert into teacher (full_name, cathedra) values ('Krysta Tows', 1);
insert into teacher (full_name, cathedra) values ('Katey Martinovic', 2);
insert into teacher (full_name, cathedra) values ('Dredi MacUchadair', 5);
insert into teacher (full_name, cathedra) values ('Gaven Cadogan', 1);
insert into teacher (full_name, cathedra) values ('Laure Coarser', 3);
insert into teacher (full_name, cathedra) values ('Nessi Aery', 2);


create table if not exists lesson (
                                      id int auto_increment not null unique primary key,
                                      name varchar(255),
                                      teacher int,
                                      term int,
                                      year int,
                                      FOREIGN KEY (teacher) references teacher (id)
);

insert into lesson (name, teacher, term, year) values ('Waste Management', 5, 7, 2);
insert into lesson (name, teacher, term, year) values ('Hardware', 1, 9, 3);
insert into lesson (name, teacher, term, year) values ('CNC Programing', 13, 4, 5);
insert into lesson (name, teacher, term, year) values ('Television', 3, 3, 4);
insert into lesson (name, teacher, term, year) values ('MCNP', 6, 8, 1);
insert into lesson (name, teacher, term, year) values ('User Interface', 11, 6, 5);
insert into lesson (name, teacher, term, year) values ('Observational Astronomy', 3, 9, 1);
insert into lesson (name, teacher, term, year) values ('People Management', 13, 9, 5);
insert into lesson (name, teacher, term, year) values ('Group Dynamics', 7, 7, 5);
insert into lesson (name, teacher, term, year) values ('SQLite', 2, 2, 5);
insert into lesson (name, teacher, term, year) values ('FQL', 13, 6, 4);
insert into lesson (name, teacher, term, year) values ('Radio Promotions', 12, 3, 5);
insert into lesson (name, teacher, term, year) values ('DMRB', 3, 8, 1);
insert into lesson (name, teacher, term, year) values ('Visual Merchandising', 2, 4, 1);
insert into lesson (name, teacher, term, year) values ('Eye Treatments', 1, 6, 3);
insert into lesson (name, teacher, term, year) values ('CME', 12, 7, 4);
insert into lesson (name, teacher, term, year) values ('Variance Analysis', 4, 9, 1);
insert into lesson (name, teacher, term, year) values ('Ukulele', 8, 4, 4);
insert into lesson (name, teacher, term, year) values ('PKI', 4, 4, 5);
insert into lesson (name, teacher, term, year) values ('DST', 10, 8, 1);
insert into lesson (name, teacher, term, year) values ('Open XML', 15, 2, 2);
insert into lesson (name, teacher, term, year) values ('UNIX Utilities', 3, 6, 3);
insert into lesson (name, teacher, term, year) values ('PDMS', 12, 7, 2);
insert into lesson (name, teacher, term, year) values ('OTA', 8, 5, 1);
insert into lesson (name, teacher, term, year) values ('Gifts', 7, 7, 5);


create table if not exists score (
                         id int auto_increment not null unique primary key,
                         lesson int(255),
                         student_id int,
                         mark int,
                         FOREIGN KEY (student_id) references student (id),
                         FOREIGN KEY (lesson) references lesson (id)
);

insert into score (lesson, student_id, mark) values (20, 96, 93);
insert into score (lesson, student_id, mark) values (12, 68, 16);
insert into score (lesson, student_id, mark) values (14, 26, 15);
insert into score (lesson, student_id, mark) values (21, 50, 61);
insert into score (lesson, student_id, mark) values (17, 103, 72);
insert into score (lesson, student_id, mark) values (4, 66, 38);
insert into score (lesson, student_id, mark) values (11, 135, 90);
insert into score (lesson, student_id, mark) values (22, 199, 47);
insert into score (lesson, student_id, mark) values (16, 171, 81);
insert into score (lesson, student_id, mark) values (13, 185, 24);
insert into score (lesson, student_id, mark) values (22, 107, 27);
insert into score (lesson, student_id, mark) values (15, 120, 97);
insert into score (lesson, student_id, mark) values (4, 125, 49);
insert into score (lesson, student_id, mark) values (17, 97, 79);
insert into score (lesson, student_id, mark) values (25, 48, 18);
insert into score (lesson, student_id, mark) values (11, 109, 70);
insert into score (lesson, student_id, mark) values (12, 185, 52);
insert into score (lesson, student_id, mark) values (4, 98, 77);
insert into score (lesson, student_id, mark) values (20, 56, 11);
insert into score (lesson, student_id, mark) values (6, 175, 35);
insert into score (lesson, student_id, mark) values (22, 92, 17);
insert into score (lesson, student_id, mark) values (2, 107, 77);
insert into score (lesson, student_id, mark) values (6, 90, 12);
insert into score (lesson, student_id, mark) values (12, 27, 93);
insert into score (lesson, student_id, mark) values (18, 170, 12);
insert into score (lesson, student_id, mark) values (8, 53, 13);
insert into score (lesson, student_id, mark) values (18, 106, 10);
insert into score (lesson, student_id, mark) values (3, 122, 24);
insert into score (lesson, student_id, mark) values (5, 85, 91);
insert into score (lesson, student_id, mark) values (13, 95, 22);
insert into score (lesson, student_id, mark) values (6, 83, 92);
insert into score (lesson, student_id, mark) values (8, 199, 62);
insert into score (lesson, student_id, mark) values (25, 26, 40);
insert into score (lesson, student_id, mark) values (6, 200, 51);
insert into score (lesson, student_id, mark) values (10, 148, 10);
insert into score (lesson, student_id, mark) values (15, 104, 33);
insert into score (lesson, student_id, mark) values (18, 161, 40);
insert into score (lesson, student_id, mark) values (6, 92, 79);
insert into score (lesson, student_id, mark) values (24, 8, 52);
insert into score (lesson, student_id, mark) values (14, 171, 46);
insert into score (lesson, student_id, mark) values (9, 171, 5);
insert into score (lesson, student_id, mark) values (1, 176, 48);
insert into score (lesson, student_id, mark) values (2, 187, 29);
insert into score (lesson, student_id, mark) values (8, 26, 32);
insert into score (lesson, student_id, mark) values (19, 139, 72);
insert into score (lesson, student_id, mark) values (18, 136, 99);
insert into score (lesson, student_id, mark) values (6, 8, 76);
insert into score (lesson, student_id, mark) values (22, 3, 92);
insert into score (lesson, student_id, mark) values (10, 36, 88);
insert into score (lesson, student_id, mark) values (1, 179, 62);
insert into score (lesson, student_id, mark) values (10, 133, 1);
insert into score (lesson, student_id, mark) values (4, 26, 77);
insert into score (lesson, student_id, mark) values (5, 73, 65);
insert into score (lesson, student_id, mark) values (22, 136, 73);
insert into score (lesson, student_id, mark) values (10, 90, 37);
insert into score (lesson, student_id, mark) values (23, 116, 61);
insert into score (lesson, student_id, mark) values (3, 155, 27);
insert into score (lesson, student_id, mark) values (11, 19, 45);
insert into score (lesson, student_id, mark) values (14, 31, 26);
insert into score (lesson, student_id, mark) values (5, 64, 79);
insert into score (lesson, student_id, mark) values (6, 197, 19);
insert into score (lesson, student_id, mark) values (2, 43, 87);
insert into score (lesson, student_id, mark) values (11, 157, 17);
insert into score (lesson, student_id, mark) values (4, 18, 9);
insert into score (lesson, student_id, mark) values (24, 123, 8);
insert into score (lesson, student_id, mark) values (19, 85, 38);
insert into score (lesson, student_id, mark) values (11, 126, 4);
insert into score (lesson, student_id, mark) values (8, 107, 93);
insert into score (lesson, student_id, mark) values (19, 18, 28);
insert into score (lesson, student_id, mark) values (21, 36, 66);
insert into score (lesson, student_id, mark) values (14, 173, 71);
insert into score (lesson, student_id, mark) values (7, 113, 5);
insert into score (lesson, student_id, mark) values (9, 114, 45);
insert into score (lesson, student_id, mark) values (15, 102, 7);
insert into score (lesson, student_id, mark) values (4, 139, 87);
insert into score (lesson, student_id, mark) values (23, 40, 26);
insert into score (lesson, student_id, mark) values (4, 113, 6);
insert into score (lesson, student_id, mark) values (25, 72, 85);
insert into score (lesson, student_id, mark) values (8, 141, 10);
insert into score (lesson, student_id, mark) values (12, 141, 4);
insert into score (lesson, student_id, mark) values (15, 17, 21);
insert into score (lesson, student_id, mark) values (3, 167, 79);
insert into score (lesson, student_id, mark) values (12, 20, 57);
insert into score (lesson, student_id, mark) values (4, 190, 45);
insert into score (lesson, student_id, mark) values (6, 9, 14);
insert into score (lesson, student_id, mark) values (6, 13, 32);
insert into score (lesson, student_id, mark) values (15, 193, 69);
insert into score (lesson, student_id, mark) values (23, 67, 4);
insert into score (lesson, student_id, mark) values (8, 176, 50);
insert into score (lesson, student_id, mark) values (25, 21, 96);
insert into score (lesson, student_id, mark) values (15, 117, 44);
insert into score (lesson, student_id, mark) values (11, 59, 72);
insert into score (lesson, student_id, mark) values (24, 191, 3);
insert into score (lesson, student_id, mark) values (7, 128, 21);
insert into score (lesson, student_id, mark) values (11, 142, 25);
insert into score (lesson, student_id, mark) values (9, 200, 43);
insert into score (lesson, student_id, mark) values (11, 147, 7);
insert into score (lesson, student_id, mark) values (20, 87, 92);
insert into score (lesson, student_id, mark) values (11, 49, 38);
insert into score (lesson, student_id, mark) values (20, 63, 61);
insert into score (lesson, student_id, mark) values (23, 21, 75);
insert into score (lesson, student_id, mark) values (2, 185, 81);
insert into score (lesson, student_id, mark) values (18, 123, 38);
insert into score (lesson, student_id, mark) values (4, 91, 78);
insert into score (lesson, student_id, mark) values (14, 27, 96);
insert into score (lesson, student_id, mark) values (25, 15, 18);
insert into score (lesson, student_id, mark) values (15, 165, 99);
insert into score (lesson, student_id, mark) values (10, 191, 15);
insert into score (lesson, student_id, mark) values (21, 27, 13);
insert into score (lesson, student_id, mark) values (4, 63, 53);
insert into score (lesson, student_id, mark) values (24, 62, 59);
insert into score (lesson, student_id, mark) values (5, 168, 87);
insert into score (lesson, student_id, mark) values (4, 178, 31);
insert into score (lesson, student_id, mark) values (10, 101, 68);
insert into score (lesson, student_id, mark) values (25, 82, 35);
insert into score (lesson, student_id, mark) values (2, 137, 14);
insert into score (lesson, student_id, mark) values (7, 141, 56);
insert into score (lesson, student_id, mark) values (13, 56, 54);
insert into score (lesson, student_id, mark) values (4, 100, 38);
insert into score (lesson, student_id, mark) values (1, 64, 4);
insert into score (lesson, student_id, mark) values (14, 132, 74);
insert into score (lesson, student_id, mark) values (8, 154, 98);
insert into score (lesson, student_id, mark) values (3, 126, 41);
insert into score (lesson, student_id, mark) values (23, 162, 67);
insert into score (lesson, student_id, mark) values (4, 58, 59);
insert into score (lesson, student_id, mark) values (12, 160, 79);
insert into score (lesson, student_id, mark) values (1, 162, 94);
insert into score (lesson, student_id, mark) values (13, 143, 59);
insert into score (lesson, student_id, mark) values (17, 72, 38);
insert into score (lesson, student_id, mark) values (14, 98, 32);
insert into score (lesson, student_id, mark) values (2, 148, 22);
insert into score (lesson, student_id, mark) values (25, 168, 7);
insert into score (lesson, student_id, mark) values (10, 131, 43);
insert into score (lesson, student_id, mark) values (16, 26, 80);
insert into score (lesson, student_id, mark) values (9, 48, 69);
insert into score (lesson, student_id, mark) values (4, 196, 15);
insert into score (lesson, student_id, mark) values (9, 82, 90);
insert into score (lesson, student_id, mark) values (3, 12, 52);
insert into score (lesson, student_id, mark) values (6, 157, 46);
insert into score (lesson, student_id, mark) values (7, 167, 8);
insert into score (lesson, student_id, mark) values (21, 94, 18);
insert into score (lesson, student_id, mark) values (12, 24, 53);
insert into score (lesson, student_id, mark) values (19, 178, 29);
insert into score (lesson, student_id, mark) values (4, 81, 50);
insert into score (lesson, student_id, mark) values (23, 76, 94);
insert into score (lesson, student_id, mark) values (24, 157, 99);
insert into score (lesson, student_id, mark) values (22, 88, 1);
insert into score (lesson, student_id, mark) values (22, 169, 13);
insert into score (lesson, student_id, mark) values (23, 38, 1);
insert into score (lesson, student_id, mark) values (12, 126, 40);
insert into score (lesson, student_id, mark) values (17, 54, 98);
insert into score (lesson, student_id, mark) values (12, 136, 6);
insert into score (lesson, student_id, mark) values (25, 143, 70);
insert into score (lesson, student_id, mark) values (2, 29, 8);
insert into score (lesson, student_id, mark) values (23, 13, 77);
insert into score (lesson, student_id, mark) values (10, 99, 45);
insert into score (lesson, student_id, mark) values (11, 50, 51);
insert into score (lesson, student_id, mark) values (5, 142, 31);
insert into score (lesson, student_id, mark) values (13, 16, 47);
insert into score (lesson, student_id, mark) values (11, 161, 56);
insert into score (lesson, student_id, mark) values (25, 132, 20);
insert into score (lesson, student_id, mark) values (6, 87, 4);
insert into score (lesson, student_id, mark) values (15, 80, 25);
insert into score (lesson, student_id, mark) values (1, 102, 13);
insert into score (lesson, student_id, mark) values (5, 66, 38);
insert into score (lesson, student_id, mark) values (20, 29, 72);
insert into score (lesson, student_id, mark) values (17, 197, 9);
insert into score (lesson, student_id, mark) values (19, 46, 10);
insert into score (lesson, student_id, mark) values (17, 170, 56);
insert into score (lesson, student_id, mark) values (1, 93, 68);
insert into score (lesson, student_id, mark) values (4, 113, 36);
insert into score (lesson, student_id, mark) values (18, 11, 52);
insert into score (lesson, student_id, mark) values (7, 130, 94);
insert into score (lesson, student_id, mark) values (17, 35, 76);
insert into score (lesson, student_id, mark) values (1, 28, 18);
insert into score (lesson, student_id, mark) values (18, 194, 47);
insert into score (lesson, student_id, mark) values (23, 173, 54);
insert into score (lesson, student_id, mark) values (18, 123, 21);
insert into score (lesson, student_id, mark) values (4, 6, 49);
insert into score (lesson, student_id, mark) values (20, 96, 72);
insert into score (lesson, student_id, mark) values (19, 200, 15);
insert into score (lesson, student_id, mark) values (11, 177, 64);
insert into score (lesson, student_id, mark) values (2, 99, 92);
insert into score (lesson, student_id, mark) values (10, 49, 44);
insert into score (lesson, student_id, mark) values (20, 189, 84);
insert into score (lesson, student_id, mark) values (10, 164, 76);
insert into score (lesson, student_id, mark) values (24, 23, 3);
insert into score (lesson, student_id, mark) values (20, 146, 78);
insert into score (lesson, student_id, mark) values (9, 60, 54);
insert into score (lesson, student_id, mark) values (1, 2, 13);
insert into score (lesson, student_id, mark) values (12, 80, 58);
insert into score (lesson, student_id, mark) values (23, 25, 99);
insert into score (lesson, student_id, mark) values (12, 97, 94);
insert into score (lesson, student_id, mark) values (14, 179, 19);
insert into score (lesson, student_id, mark) values (24, 160, 87);
insert into score (lesson, student_id, mark) values (16, 38, 42);
insert into score (lesson, student_id, mark) values (12, 196, 63);
insert into score (lesson, student_id, mark) values (7, 137, 46);
insert into score (lesson, student_id, mark) values (21, 163, 16);
insert into score (lesson, student_id, mark) values (8, 174, 31);
insert into score (lesson, student_id, mark) values (17, 144, 3);
insert into score (lesson, student_id, mark) values (2, 149, 11);
insert into score (lesson, student_id, mark) values (18, 37, 43);
insert into score (lesson, student_id, mark) values (4, 127, 91);
insert into score (lesson, student_id, mark) values (13, 90, 58);
insert into score (lesson, student_id, mark) values (4, 187, 14);
insert into score (lesson, student_id, mark) values (25, 78, 3);
insert into score (lesson, student_id, mark) values (16, 163, 80);
insert into score (lesson, student_id, mark) values (13, 154, 25);
insert into score (lesson, student_id, mark) values (24, 32, 95);
insert into score (lesson, student_id, mark) values (20, 179, 82);
insert into score (lesson, student_id, mark) values (16, 155, 32);
insert into score (lesson, student_id, mark) values (1, 127, 15);
insert into score (lesson, student_id, mark) values (16, 26, 69);
insert into score (lesson, student_id, mark) values (11, 151, 43);
insert into score (lesson, student_id, mark) values (22, 154, 30);
insert into score (lesson, student_id, mark) values (6, 103, 70);
insert into score (lesson, student_id, mark) values (13, 143, 61);
insert into score (lesson, student_id, mark) values (15, 96, 16);
insert into score (lesson, student_id, mark) values (12, 199, 57);
insert into score (lesson, student_id, mark) values (14, 56, 50);
insert into score (lesson, student_id, mark) values (17, 181, 52);
insert into score (lesson, student_id, mark) values (17, 149, 68);
insert into score (lesson, student_id, mark) values (22, 25, 23);
insert into score (lesson, student_id, mark) values (16, 77, 69);
insert into score (lesson, student_id, mark) values (3, 93, 72);
insert into score (lesson, student_id, mark) values (24, 160, 27);
insert into score (lesson, student_id, mark) values (6, 167, 19);
insert into score (lesson, student_id, mark) values (10, 91, 89);
insert into score (lesson, student_id, mark) values (10, 46, 8);
insert into score (lesson, student_id, mark) values (7, 84, 91);
insert into score (lesson, student_id, mark) values (19, 79, 71);
insert into score (lesson, student_id, mark) values (21, 103, 98);
insert into score (lesson, student_id, mark) values (17, 86, 37);
insert into score (lesson, student_id, mark) values (2, 102, 19);
insert into score (lesson, student_id, mark) values (20, 172, 35);
insert into score (lesson, student_id, mark) values (12, 31, 25);
insert into score (lesson, student_id, mark) values (6, 101, 17);
insert into score (lesson, student_id, mark) values (24, 74, 52);
insert into score (lesson, student_id, mark) values (1, 165, 13);
insert into score (lesson, student_id, mark) values (14, 147, 55);
insert into score (lesson, student_id, mark) values (8, 171, 26);
insert into score (lesson, student_id, mark) values (19, 5, 95);
insert into score (lesson, student_id, mark) values (2, 1, 32);
insert into score (lesson, student_id, mark) values (12, 171, 36);
insert into score (lesson, student_id, mark) values (25, 54, 55);
insert into score (lesson, student_id, mark) values (22, 132, 28);
insert into score (lesson, student_id, mark) values (13, 184, 76);
insert into score (lesson, student_id, mark) values (17, 7, 27);
insert into score (lesson, student_id, mark) values (23, 175, 5);
insert into score (lesson, student_id, mark) values (21, 74, 33);
insert into score (lesson, student_id, mark) values (14, 96, 30);
insert into score (lesson, student_id, mark) values (14, 22, 76);
insert into score (lesson, student_id, mark) values (13, 41, 65);
insert into score (lesson, student_id, mark) values (8, 71, 66);
insert into score (lesson, student_id, mark) values (6, 185, 68);
insert into score (lesson, student_id, mark) values (19, 51, 72);
insert into score (lesson, student_id, mark) values (5, 71, 92);
insert into score (lesson, student_id, mark) values (5, 169, 82);
insert into score (lesson, student_id, mark) values (25, 140, 77);
insert into score (lesson, student_id, mark) values (5, 152, 31);
insert into score (lesson, student_id, mark) values (9, 2, 65);
insert into score (lesson, student_id, mark) values (22, 135, 30);
insert into score (lesson, student_id, mark) values (5, 195, 81);
insert into score (lesson, student_id, mark) values (25, 140, 52);
insert into score (lesson, student_id, mark) values (24, 128, 6);
insert into score (lesson, student_id, mark) values (12, 129, 52);
insert into score (lesson, student_id, mark) values (1, 26, 61);
insert into score (lesson, student_id, mark) values (3, 154, 54);
insert into score (lesson, student_id, mark) values (10, 90, 8);
insert into score (lesson, student_id, mark) values (1, 22, 83);
insert into score (lesson, student_id, mark) values (6, 146, 100);
insert into score (lesson, student_id, mark) values (1, 9, 92);
insert into score (lesson, student_id, mark) values (25, 93, 80);
insert into score (lesson, student_id, mark) values (15, 196, 44);
insert into score (lesson, student_id, mark) values (23, 175, 65);
insert into score (lesson, student_id, mark) values (4, 12, 12);
insert into score (lesson, student_id, mark) values (21, 114, 91);
insert into score (lesson, student_id, mark) values (16, 152, 74);
insert into score (lesson, student_id, mark) values (16, 107, 84);
insert into score (lesson, student_id, mark) values (25, 159, 24);
insert into score (lesson, student_id, mark) values (6, 93, 16);
insert into score (lesson, student_id, mark) values (3, 74, 42);
insert into score (lesson, student_id, mark) values (8, 1, 45);
insert into score (lesson, student_id, mark) values (4, 119, 73);
insert into score (lesson, student_id, mark) values (8, 48, 40);
insert into score (lesson, student_id, mark) values (6, 147, 54);
insert into score (lesson, student_id, mark) values (14, 197, 49);
insert into score (lesson, student_id, mark) values (19, 151, 35);
insert into score (lesson, student_id, mark) values (14, 169, 2);
insert into score (lesson, student_id, mark) values (5, 24, 58);
insert into score (lesson, student_id, mark) values (17, 163, 85);
insert into score (lesson, student_id, mark) values (20, 77, 1);
insert into score (lesson, student_id, mark) values (8, 118, 3);
insert into score (lesson, student_id, mark) values (1, 54, 38);
insert into score (lesson, student_id, mark) values (17, 41, 72);
insert into score (lesson, student_id, mark) values (22, 16, 22);
insert into score (lesson, student_id, mark) values (3, 102, 40);
insert into score (lesson, student_id, mark) values (23, 4, 41);
insert into score (lesson, student_id, mark) values (21, 97, 23);
insert into score (lesson, student_id, mark) values (4, 25, 49);
insert into score (lesson, student_id, mark) values (22, 12, 96);
insert into score (lesson, student_id, mark) values (4, 133, 18);
insert into score (lesson, student_id, mark) values (23, 38, 74);
insert into score (lesson, student_id, mark) values (15, 181, 54);
insert into score (lesson, student_id, mark) values (9, 106, 98);
insert into score (lesson, student_id, mark) values (22, 48, 6);
insert into score (lesson, student_id, mark) values (8, 4, 96);
insert into score (lesson, student_id, mark) values (24, 96, 39);
insert into score (lesson, student_id, mark) values (4, 174, 98);
insert into score (lesson, student_id, mark) values (25, 24, 19);
insert into score (lesson, student_id, mark) values (20, 146, 86);
insert into score (lesson, student_id, mark) values (3, 120, 50);
insert into score (lesson, student_id, mark) values (21, 86, 25);
insert into score (lesson, student_id, mark) values (5, 145, 33);
insert into score (lesson, student_id, mark) values (22, 34, 8);
insert into score (lesson, student_id, mark) values (24, 113, 30);
insert into score (lesson, student_id, mark) values (22, 58, 67);
insert into score (lesson, student_id, mark) values (8, 159, 63);
insert into score (lesson, student_id, mark) values (25, 109, 87);
insert into score (lesson, student_id, mark) values (10, 197, 9);
insert into score (lesson, student_id, mark) values (22, 125, 29);
insert into score (lesson, student_id, mark) values (20, 61, 26);
insert into score (lesson, student_id, mark) values (6, 38, 33);
insert into score (lesson, student_id, mark) values (21, 1, 13);
insert into score (lesson, student_id, mark) values (23, 21, 88);
insert into score (lesson, student_id, mark) values (15, 188, 19);
insert into score (lesson, student_id, mark) values (2, 152, 33);
insert into score (lesson, student_id, mark) values (16, 171, 41);
insert into score (lesson, student_id, mark) values (1, 152, 35);
insert into score (lesson, student_id, mark) values (10, 196, 82);
insert into score (lesson, student_id, mark) values (23, 191, 15);
insert into score (lesson, student_id, mark) values (9, 48, 2);
insert into score (lesson, student_id, mark) values (23, 73, 1);
insert into score (lesson, student_id, mark) values (12, 121, 28);
insert into score (lesson, student_id, mark) values (9, 114, 8);
insert into score (lesson, student_id, mark) values (6, 200, 42);
insert into score (lesson, student_id, mark) values (10, 5, 76);
insert into score (lesson, student_id, mark) values (1, 156, 38);
insert into score (lesson, student_id, mark) values (13, 149, 34);
insert into score (lesson, student_id, mark) values (25, 104, 32);
insert into score (lesson, student_id, mark) values (11, 17, 60);
insert into score (lesson, student_id, mark) values (8, 48, 66);
insert into score (lesson, student_id, mark) values (3, 111, 89);
insert into score (lesson, student_id, mark) values (14, 158, 14);
insert into score (lesson, student_id, mark) values (5, 185, 78);
insert into score (lesson, student_id, mark) values (9, 6, 96);
insert into score (lesson, student_id, mark) values (8, 192, 66);
insert into score (lesson, student_id, mark) values (7, 45, 85);
insert into score (lesson, student_id, mark) values (17, 159, 78);
insert into score (lesson, student_id, mark) values (13, 61, 91);
insert into score (lesson, student_id, mark) values (7, 156, 81);
insert into score (lesson, student_id, mark) values (8, 114, 17);
insert into score (lesson, student_id, mark) values (25, 189, 52);
insert into score (lesson, student_id, mark) values (15, 73, 15);
insert into score (lesson, student_id, mark) values (11, 123, 94);
insert into score (lesson, student_id, mark) values (24, 129, 97);
insert into score (lesson, student_id, mark) values (17, 194, 8);
insert into score (lesson, student_id, mark) values (23, 155, 3);
insert into score (lesson, student_id, mark) values (13, 174, 67);
insert into score (lesson, student_id, mark) values (3, 151, 88);
insert into score (lesson, student_id, mark) values (23, 158, 52);
insert into score (lesson, student_id, mark) values (15, 165, 98);
insert into score (lesson, student_id, mark) values (20, 118, 66);
insert into score (lesson, student_id, mark) values (7, 83, 28);
insert into score (lesson, student_id, mark) values (7, 131, 27);
insert into score (lesson, student_id, mark) values (6, 107, 51);
insert into score (lesson, student_id, mark) values (8, 49, 58);
insert into score (lesson, student_id, mark) values (19, 26, 69);
insert into score (lesson, student_id, mark) values (2, 99, 43);
insert into score (lesson, student_id, mark) values (23, 3, 13);
insert into score (lesson, student_id, mark) values (24, 136, 91);
insert into score (lesson, student_id, mark) values (25, 81, 7);
insert into score (lesson, student_id, mark) values (6, 52, 44);
insert into score (lesson, student_id, mark) values (20, 152, 11);
insert into score (lesson, student_id, mark) values (7, 75, 55);
insert into score (lesson, student_id, mark) values (19, 18, 59);
insert into score (lesson, student_id, mark) values (9, 66, 6);
insert into score (lesson, student_id, mark) values (17, 152, 14);
insert into score (lesson, student_id, mark) values (18, 14, 40);
insert into score (lesson, student_id, mark) values (22, 150, 60);
insert into score (lesson, student_id, mark) values (24, 193, 90);
insert into score (lesson, student_id, mark) values (9, 12, 78);
insert into score (lesson, student_id, mark) values (15, 63, 88);
insert into score (lesson, student_id, mark) values (11, 56, 28);
insert into score (lesson, student_id, mark) values (19, 80, 82);
insert into score (lesson, student_id, mark) values (4, 164, 39);
insert into score (lesson, student_id, mark) values (11, 197, 68);
insert into score (lesson, student_id, mark) values (11, 155, 32);
insert into score (lesson, student_id, mark) values (18, 68, 66);
insert into score (lesson, student_id, mark) values (18, 86, 2);
insert into score (lesson, student_id, mark) values (6, 89, 53);
insert into score (lesson, student_id, mark) values (4, 46, 45);
insert into score (lesson, student_id, mark) values (19, 96, 37);
insert into score (lesson, student_id, mark) values (17, 75, 14);
insert into score (lesson, student_id, mark) values (16, 162, 64);
insert into score (lesson, student_id, mark) values (5, 102, 22);
insert into score (lesson, student_id, mark) values (3, 136, 95);
insert into score (lesson, student_id, mark) values (9, 24, 81);
insert into score (lesson, student_id, mark) values (17, 32, 79);
insert into score (lesson, student_id, mark) values (20, 175, 29);
insert into score (lesson, student_id, mark) values (6, 60, 38);
insert into score (lesson, student_id, mark) values (15, 16, 57);
insert into score (lesson, student_id, mark) values (21, 101, 82);
insert into score (lesson, student_id, mark) values (1, 157, 51);
insert into score (lesson, student_id, mark) values (21, 31, 31);
insert into score (lesson, student_id, mark) values (24, 98, 29);
insert into score (lesson, student_id, mark) values (13, 45, 92);
insert into score (lesson, student_id, mark) values (17, 197, 71);
insert into score (lesson, student_id, mark) values (16, 186, 51);
insert into score (lesson, student_id, mark) values (11, 197, 73);
insert into score (lesson, student_id, mark) values (24, 119, 98);
insert into score (lesson, student_id, mark) values (23, 84, 99);
insert into score (lesson, student_id, mark) values (17, 139, 36);
insert into score (lesson, student_id, mark) values (5, 95, 61);
insert into score (lesson, student_id, mark) values (15, 193, 41);
insert into score (lesson, student_id, mark) values (23, 160, 2);
insert into score (lesson, student_id, mark) values (7, 165, 72);
insert into score (lesson, student_id, mark) values (25, 167, 28);
insert into score (lesson, student_id, mark) values (25, 106, 95);
insert into score (lesson, student_id, mark) values (12, 27, 69);
insert into score (lesson, student_id, mark) values (1, 166, 38);
insert into score (lesson, student_id, mark) values (21, 164, 45);
insert into score (lesson, student_id, mark) values (12, 200, 85);
insert into score (lesson, student_id, mark) values (10, 191, 90);
insert into score (lesson, student_id, mark) values (22, 106, 67);
insert into score (lesson, student_id, mark) values (19, 20, 94);
insert into score (lesson, student_id, mark) values (13, 137, 74);
insert into score (lesson, student_id, mark) values (11, 115, 2);
insert into score (lesson, student_id, mark) values (5, 29, 24);
insert into score (lesson, student_id, mark) values (21, 182, 94);
insert into score (lesson, student_id, mark) values (12, 59, 64);
insert into score (lesson, student_id, mark) values (2, 89, 77);
insert into score (lesson, student_id, mark) values (12, 83, 44);
insert into score (lesson, student_id, mark) values (23, 14, 4);
insert into score (lesson, student_id, mark) values (19, 197, 48);
insert into score (lesson, student_id, mark) values (16, 97, 98);
insert into score (lesson, student_id, mark) values (24, 36, 69);
insert into score (lesson, student_id, mark) values (16, 71, 99);
insert into score (lesson, student_id, mark) values (24, 92, 4);
insert into score (lesson, student_id, mark) values (9, 77, 68);
insert into score (lesson, student_id, mark) values (16, 11, 55);
insert into score (lesson, student_id, mark) values (25, 166, 95);
insert into score (lesson, student_id, mark) values (5, 92, 83);
insert into score (lesson, student_id, mark) values (20, 109, 95);
insert into score (lesson, student_id, mark) values (10, 17, 20);
insert into score (lesson, student_id, mark) values (14, 196, 24);
insert into score (lesson, student_id, mark) values (15, 146, 46);
insert into score (lesson, student_id, mark) values (21, 70, 14);
insert into score (lesson, student_id, mark) values (12, 54, 80);
insert into score (lesson, student_id, mark) values (9, 84, 85);
insert into score (lesson, student_id, mark) values (15, 174, 42);
insert into score (lesson, student_id, mark) values (10, 160, 60);
insert into score (lesson, student_id, mark) values (1, 69, 80);
insert into score (lesson, student_id, mark) values (11, 173, 5);
insert into score (lesson, student_id, mark) values (4, 133, 50);
insert into score (lesson, student_id, mark) values (14, 133, 43);
insert into score (lesson, student_id, mark) values (6, 85, 44);
insert into score (lesson, student_id, mark) values (4, 2, 28);
insert into score (lesson, student_id, mark) values (12, 193, 36);
insert into score (lesson, student_id, mark) values (9, 16, 27);
insert into score (lesson, student_id, mark) values (15, 152, 63);
insert into score (lesson, student_id, mark) values (4, 158, 60);
insert into score (lesson, student_id, mark) values (4, 106, 20);
insert into score (lesson, student_id, mark) values (7, 22, 9);
insert into score (lesson, student_id, mark) values (4, 5, 71);
insert into score (lesson, student_id, mark) values (16, 173, 13);
insert into score (lesson, student_id, mark) values (6, 3, 12);
insert into score (lesson, student_id, mark) values (7, 88, 70);
insert into score (lesson, student_id, mark) values (1, 75, 81);
insert into score (lesson, student_id, mark) values (25, 10, 99);
insert into score (lesson, student_id, mark) values (11, 157, 80);
insert into score (lesson, student_id, mark) values (13, 192, 40);
insert into score (lesson, student_id, mark) values (15, 71, 23);
insert into score (lesson, student_id, mark) values (23, 134, 42);
insert into score (lesson, student_id, mark) values (9, 159, 44);
insert into score (lesson, student_id, mark) values (6, 170, 32);
insert into score (lesson, student_id, mark) values (22, 194, 47);
insert into score (lesson, student_id, mark) values (19, 166, 44);
insert into score (lesson, student_id, mark) values (10, 176, 26);
insert into score (lesson, student_id, mark) values (10, 129, 64);
insert into score (lesson, student_id, mark) values (9, 107, 99);
insert into score (lesson, student_id, mark) values (1, 71, 4);
insert into score (lesson, student_id, mark) values (8, 12, 81);
insert into score (lesson, student_id, mark) values (5, 112, 65);
insert into score (lesson, student_id, mark) values (6, 109, 100);
insert into score (lesson, student_id, mark) values (18, 82, 48);
insert into score (lesson, student_id, mark) values (2, 81, 51);
insert into score (lesson, student_id, mark) values (16, 134, 2);
insert into score (lesson, student_id, mark) values (22, 160, 52);
insert into score (lesson, student_id, mark) values (12, 37, 78);
insert into score (lesson, student_id, mark) values (12, 112, 95);
insert into score (lesson, student_id, mark) values (14, 113, 97);
insert into score (lesson, student_id, mark) values (17, 158, 52);
insert into score (lesson, student_id, mark) values (1, 188, 94);
insert into score (lesson, student_id, mark) values (8, 86, 82);
insert into score (lesson, student_id, mark) values (25, 199, 3);
insert into score (lesson, student_id, mark) values (24, 198, 60);
insert into score (lesson, student_id, mark) values (14, 42, 68);
insert into score (lesson, student_id, mark) values (2, 54, 59);
insert into score (lesson, student_id, mark) values (23, 33, 56);
insert into score (lesson, student_id, mark) values (12, 148, 85);
insert into score (lesson, student_id, mark) values (22, 10, 30);
insert into score (lesson, student_id, mark) values (6, 6, 28);
insert into score (lesson, student_id, mark) values (8, 126, 2);
insert into score (lesson, student_id, mark) values (3, 191, 96);
insert into score (lesson, student_id, mark) values (18, 119, 83);
insert into score (lesson, student_id, mark) values (8, 130, 52);
insert into score (lesson, student_id, mark) values (8, 141, 2);
insert into score (lesson, student_id, mark) values (4, 65, 41);
insert into score (lesson, student_id, mark) values (1, 126, 96);
insert into score (lesson, student_id, mark) values (4, 155, 30);
insert into score (lesson, student_id, mark) values (7, 76, 56);
insert into score (lesson, student_id, mark) values (1, 70, 12);
insert into score (lesson, student_id, mark) values (2, 74, 51);
insert into score (lesson, student_id, mark) values (1, 17, 57);
insert into score (lesson, student_id, mark) values (23, 9, 64);
insert into score (lesson, student_id, mark) values (23, 185, 20);
insert into score (lesson, student_id, mark) values (20, 115, 92);
insert into score (lesson, student_id, mark) values (17, 193, 76);
insert into score (lesson, student_id, mark) values (9, 136, 29);
insert into score (lesson, student_id, mark) values (16, 34, 20);
insert into score (lesson, student_id, mark) values (16, 166, 1);
insert into score (lesson, student_id, mark) values (11, 33, 82);
insert into score (lesson, student_id, mark) values (25, 51, 48);
insert into score (lesson, student_id, mark) values (10, 65, 39);
insert into score (lesson, student_id, mark) values (11, 28, 71);
insert into score (lesson, student_id, mark) values (13, 60, 40);
insert into score (lesson, student_id, mark) values (25, 152, 35);
insert into score (lesson, student_id, mark) values (14, 88, 27);
insert into score (lesson, student_id, mark) values (13, 33, 82);
insert into score (lesson, student_id, mark) values (3, 101, 92);
insert into score (lesson, student_id, mark) values (13, 100, 12);
insert into score (lesson, student_id, mark) values (3, 70, 72);
insert into score (lesson, student_id, mark) values (6, 20, 40);
insert into score (lesson, student_id, mark) values (23, 181, 12);
insert into score (lesson, student_id, mark) values (12, 63, 75);
insert into score (lesson, student_id, mark) values (12, 27, 55);
insert into score (lesson, student_id, mark) values (15, 84, 92);
insert into score (lesson, student_id, mark) values (20, 149, 35);
insert into score (lesson, student_id, mark) values (13, 177, 43);
insert into score (lesson, student_id, mark) values (24, 120, 34);
insert into score (lesson, student_id, mark) values (9, 74, 85);
insert into score (lesson, student_id, mark) values (1, 36, 35);
insert into score (lesson, student_id, mark) values (15, 169, 33);
insert into score (lesson, student_id, mark) values (1, 96, 93);
insert into score (lesson, student_id, mark) values (1, 132, 3);
insert into score (lesson, student_id, mark) values (13, 152, 80);
insert into score (lesson, student_id, mark) values (2, 130, 62);
insert into score (lesson, student_id, mark) values (6, 43, 64);
insert into score (lesson, student_id, mark) values (17, 162, 91);
insert into score (lesson, student_id, mark) values (3, 189, 83);
insert into score (lesson, student_id, mark) values (11, 14, 58);
insert into score (lesson, student_id, mark) values (19, 150, 10);
insert into score (lesson, student_id, mark) values (22, 106, 28);
insert into score (lesson, student_id, mark) values (6, 149, 82);
insert into score (lesson, student_id, mark) values (15, 117, 12);
insert into score (lesson, student_id, mark) values (6, 75, 74);
insert into score (lesson, student_id, mark) values (2, 52, 98);
insert into score (lesson, student_id, mark) values (24, 124, 68);
insert into score (lesson, student_id, mark) values (1, 55, 93);
insert into score (lesson, student_id, mark) values (10, 106, 68);
insert into score (lesson, student_id, mark) values (18, 49, 78);
insert into score (lesson, student_id, mark) values (23, 162, 10);
insert into score (lesson, student_id, mark) values (11, 71, 14);
insert into score (lesson, student_id, mark) values (25, 59, 4);
insert into score (lesson, student_id, mark) values (12, 8, 55);
insert into score (lesson, student_id, mark) values (8, 143, 80);
insert into score (lesson, student_id, mark) values (21, 192, 13);
insert into score (lesson, student_id, mark) values (16, 59, 47);
insert into score (lesson, student_id, mark) values (17, 140, 53);
insert into score (lesson, student_id, mark) values (19, 176, 98);
insert into score (lesson, student_id, mark) values (22, 18, 90);
insert into score (lesson, student_id, mark) values (12, 8, 5);
insert into score (lesson, student_id, mark) values (12, 32, 68);
insert into score (lesson, student_id, mark) values (11, 131, 28);
insert into score (lesson, student_id, mark) values (22, 147, 62);
insert into score (lesson, student_id, mark) values (20, 60, 54);
insert into score (lesson, student_id, mark) values (14, 39, 41);
insert into score (lesson, student_id, mark) values (5, 167, 12);
insert into score (lesson, student_id, mark) values (25, 110, 33);
insert into score (lesson, student_id, mark) values (23, 15, 25);
insert into score (lesson, student_id, mark) values (1, 73, 44);
insert into score (lesson, student_id, mark) values (17, 77, 84);
insert into score (lesson, student_id, mark) values (1, 97, 59);
insert into score (lesson, student_id, mark) values (14, 180, 49);
insert into score (lesson, student_id, mark) values (18, 61, 53);
insert into score (lesson, student_id, mark) values (10, 119, 72);
insert into score (lesson, student_id, mark) values (2, 68, 88);
insert into score (lesson, student_id, mark) values (6, 1, 66);
insert into score (lesson, student_id, mark) values (1, 134, 74);
insert into score (lesson, student_id, mark) values (10, 106, 59);
insert into score (lesson, student_id, mark) values (4, 174, 16);
insert into score (lesson, student_id, mark) values (10, 175, 35);
insert into score (lesson, student_id, mark) values (4, 175, 27);
insert into score (lesson, student_id, mark) values (11, 102, 74);
insert into score (lesson, student_id, mark) values (3, 183, 69);
insert into score (lesson, student_id, mark) values (19, 180, 57);
insert into score (lesson, student_id, mark) values (19, 193, 35);
insert into score (lesson, student_id, mark) values (24, 70, 23);
insert into score (lesson, student_id, mark) values (21, 200, 41);
insert into score (lesson, student_id, mark) values (9, 99, 25);
insert into score (lesson, student_id, mark) values (20, 8, 26);
insert into score (lesson, student_id, mark) values (8, 188, 94);
insert into score (lesson, student_id, mark) values (8, 186, 4);
insert into score (lesson, student_id, mark) values (9, 52, 8);
insert into score (lesson, student_id, mark) values (17, 9, 83);
insert into score (lesson, student_id, mark) values (10, 71, 99);
insert into score (lesson, student_id, mark) values (2, 113, 21);
insert into score (lesson, student_id, mark) values (2, 4, 75);
insert into score (lesson, student_id, mark) values (10, 49, 89);
insert into score (lesson, student_id, mark) values (21, 129, 78);
insert into score (lesson, student_id, mark) values (17, 100, 24);
insert into score (lesson, student_id, mark) values (8, 159, 54);
insert into score (lesson, student_id, mark) values (6, 27, 36);
insert into score (lesson, student_id, mark) values (10, 35, 14);
insert into score (lesson, student_id, mark) values (19, 34, 3);
insert into score (lesson, student_id, mark) values (23, 106, 90);
insert into score (lesson, student_id, mark) values (13, 43, 65);
insert into score (lesson, student_id, mark) values (2, 97, 81);
insert into score (lesson, student_id, mark) values (5, 28, 2);
insert into score (lesson, student_id, mark) values (3, 140, 59);
insert into score (lesson, student_id, mark) values (20, 187, 38);
insert into score (lesson, student_id, mark) values (19, 114, 8);
insert into score (lesson, student_id, mark) values (1, 126, 64);
insert into score (lesson, student_id, mark) values (21, 34, 100);
insert into score (lesson, student_id, mark) values (16, 91, 89);
insert into score (lesson, student_id, mark) values (13, 60, 55);
insert into score (lesson, student_id, mark) values (12, 39, 94);
insert into score (lesson, student_id, mark) values (19, 19, 1);
insert into score (lesson, student_id, mark) values (24, 42, 62);
insert into score (lesson, student_id, mark) values (15, 61, 28);
insert into score (lesson, student_id, mark) values (19, 192, 5);
insert into score (lesson, student_id, mark) values (14, 4, 16);
insert into score (lesson, student_id, mark) values (20, 61, 15);
insert into score (lesson, student_id, mark) values (3, 121, 52);
insert into score (lesson, student_id, mark) values (19, 109, 5);
insert into score (lesson, student_id, mark) values (15, 36, 64);
insert into score (lesson, student_id, mark) values (17, 154, 37);
insert into score (lesson, student_id, mark) values (23, 74, 18);
insert into score (lesson, student_id, mark) values (4, 69, 46);
insert into score (lesson, student_id, mark) values (5, 19, 72);
insert into score (lesson, student_id, mark) values (8, 140, 91);
insert into score (lesson, student_id, mark) values (25, 133, 99);
insert into score (lesson, student_id, mark) values (15, 155, 78);
insert into score (lesson, student_id, mark) values (12, 109, 71);
insert into score (lesson, student_id, mark) values (10, 91, 13);
insert into score (lesson, student_id, mark) values (18, 72, 85);
insert into score (lesson, student_id, mark) values (2, 106, 39);
insert into score (lesson, student_id, mark) values (23, 94, 1);
insert into score (lesson, student_id, mark) values (11, 148, 23);
insert into score (lesson, student_id, mark) values (20, 18, 32);
insert into score (lesson, student_id, mark) values (10, 137, 52);
insert into score (lesson, student_id, mark) values (24, 125, 14);
insert into score (lesson, student_id, mark) values (9, 99, 56);
insert into score (lesson, student_id, mark) values (6, 198, 16);
insert into score (lesson, student_id, mark) values (21, 76, 69);
insert into score (lesson, student_id, mark) values (16, 138, 83);
insert into score (lesson, student_id, mark) values (12, 23, 28);
insert into score (lesson, student_id, mark) values (8, 181, 95);
insert into score (lesson, student_id, mark) values (13, 84, 37);
insert into score (lesson, student_id, mark) values (16, 24, 96);
insert into score (lesson, student_id, mark) values (22, 50, 23);
insert into score (lesson, student_id, mark) values (21, 42, 90);
insert into score (lesson, student_id, mark) values (14, 180, 66);
insert into score (lesson, student_id, mark) values (9, 108, 35);
insert into score (lesson, student_id, mark) values (6, 54, 87);
insert into score (lesson, student_id, mark) values (3, 125, 18);
insert into score (lesson, student_id, mark) values (20, 142, 6);
insert into score (lesson, student_id, mark) values (14, 24, 45);
insert into score (lesson, student_id, mark) values (8, 35, 39);
insert into score (lesson, student_id, mark) values (7, 50, 80);
insert into score (lesson, student_id, mark) values (11, 105, 30);
insert into score (lesson, student_id, mark) values (1, 54, 44);
insert into score (lesson, student_id, mark) values (2, 111, 32);
insert into score (lesson, student_id, mark) values (24, 98, 84);
insert into score (lesson, student_id, mark) values (2, 38, 94);
insert into score (lesson, student_id, mark) values (1, 96, 16);
insert into score (lesson, student_id, mark) values (23, 33, 56);
insert into score (lesson, student_id, mark) values (4, 187, 99);
insert into score (lesson, student_id, mark) values (2, 29, 16);
insert into score (lesson, student_id, mark) values (10, 6, 74);
insert into score (lesson, student_id, mark) values (9, 123, 64);
insert into score (lesson, student_id, mark) values (8, 24, 16);
insert into score (lesson, student_id, mark) values (8, 171, 62);
insert into score (lesson, student_id, mark) values (14, 130, 6);
insert into score (lesson, student_id, mark) values (14, 41, 21);
insert into score (lesson, student_id, mark) values (11, 199, 56);
insert into score (lesson, student_id, mark) values (23, 26, 51);
insert into score (lesson, student_id, mark) values (10, 123, 12);
insert into score (lesson, student_id, mark) values (19, 88, 44);
insert into score (lesson, student_id, mark) values (13, 165, 86);
insert into score (lesson, student_id, mark) values (25, 47, 83);
insert into score (lesson, student_id, mark) values (14, 146, 50);
insert into score (lesson, student_id, mark) values (5, 138, 84);
insert into score (lesson, student_id, mark) values (20, 147, 2);
insert into score (lesson, student_id, mark) values (21, 40, 71);
insert into score (lesson, student_id, mark) values (4, 97, 44);
insert into score (lesson, student_id, mark) values (2, 165, 26);
insert into score (lesson, student_id, mark) values (17, 130, 76);
